Position	Type	Ancestor_Node	Derived_Node	Ancestor_Call	Derived_Call	Gene	Strand	Codon	Codon_Position	Ancestor_Codon	Derived_Codon	Ancestor_A.A.	Derived_A.A.	Change	Up_Gene	Up_Gene_Strand	Up_Gene_Distance	Down_Gene	Down_Gene_Strand	Down_Gene_Distance
1026	intragenic	N61	H-12-10	T	G	BDAG_02798	1	320	3	CGT	CGG	R	R	S	-	-	-	-	-	-
5721	intragenic	N87	N-12-6c	G	A	BDAG_02803	-1	384	1	CAG	TAG	Q	*	NS	-	-	-	-	-	-
24101	intragenic	N58	N59	C	T	BDAG_02820	-1	165	2	CGG	CAG	R	Q	NS	-	-	-	-	-	-
60903	intergenic	N90	N-12-6b	C	T	-	-	-	-	-	-	-	-	-	BDAG_02849	-1	813	BDAG_02851	-1	131
74089	intragenic	N14	F-6-11	A	G	BDAG_02864	1	312	2	CAG	CGG	Q	R	NS	-	-	-	-	-	-
79715	intragenic	N59	I-8-7	A	C	BDAG_02870	1	100	2	CAG	CCG	Q	P	NS	-	-	-	-	-	-
81145	intragenic	N47	N48	G	T	BDAG_02870	1	577	1	GCG	TCG	A	S	NS	-	-	-	-	-	-
88028	intragenic	N13	N14	G	A	BDAG_02877	1	87	3	GCG	GCA	A	A	S	-	-	-	-	-	-
97094	intergenic	N51	K-11-3b	C	T	-	-	-	-	-	-	-	-	-	BDAG_02877	1	7005	BDAG_02878	1	1398
149672	intergenic	N85	N86	A	T	-	-	-	-	-	-	-	-	-	BDAG_02917	1	6	BDAG_02918	1	61
202111	intragenic	N33	D-7-10	T	A	BDAG_02958	1	312	2	GTC	GAC	V	D	NS	-	-	-	-	-	-
221982	intragenic	N64	H-10-6b	T	G	BDAG_02971	1	348	2	CTC	CGC	L	R	NS	-	-	-	-	-	-
242226	intragenic	N104	H-12-11a-$	T	C	BDAG_02988	-1	76	3	CAA	CAG	Q	Q	S	-	-	-	-	-	-
261481	intragenic	N58	F-6-9	A	C	BDAG_03003	1	1525	2	AAG	ACG	K	T	NS	-	-	-	-	-	-
261481	intragenic	N99	N100	A	C	BDAG_03003	1	1525	2	AAG	ACG	K	T	NS	-	-	-	-	-	-
262828	intragenic	N43	K-10-7	A	C	BDAG_03003	1	1974	2	AAG	ACG	K	T	NS	-	-	-	-	-	-
264853	intragenic	N104	H-13-0b-$	A	C	BDAG_03003	1	2649	2	AAG	ACG	K	T	NS	-	-	-	-	-	-
286168	intragenic	N95	N-10-11	C	T	BDAG_03013	1	200	3	ATC	ATT	I	I	S	-	-	-	-	-	-
290154	intragenic	N10	M-11-5	G	C	BDAG_03017	-1	550	3	GCC	GCG	A	A	S	-	-	-	-	-	-
297256	intragenic	N97	N98	C	G	BDAG_03022	-1	91	1	GCC	CCC	A	P	NS	-	-	-	-	-	-
297569	intergenic	N8	N9	A	C	-	-	-	-	-	-	-	-	-	BDAG_03022	-1	43	BDAG_03023	1	17
299093	intragenic	N3	N8	T	C	BDAG_03023	1	503	2	ATC	ACC	I	T	NS	-	-	-	-	-	-
323582	intergenic	N69	L-13-4a-$	T	C	-	-	-	-	-	-	-	-	-	BDAG_03039	-1	1931	BDAG_03040	1	459
330177	intragenic	N51	N52	T	G	BDAG_03043	1	28	3	AGT	AGG	S	R	NS	-	-	-	-	-	-
330177	intragenic	N70	L-13-0	T	G	BDAG_03043	1	28	3	AGT	AGG	S	R	NS	-	-	-	-	-	-
333186	intergenic	N40	N56	G	C	-	-	-	-	-	-	-	-	-	BDAG_03044	1	865	BDAG_03045	1	599
364074	intergenic	N35	B-11-1	A	C	-	-	-	-	-	-	-	-	-	BDAG_03065	-1	1043	BDAG_03067	1	1115
374564	intragenic	N3	N4	C	A	BDAG_03076	1	122	3	GAC	GAA	D	E	NS	-	-	-	-	-	-
393763	intragenic	N38	N39	C	A	BDAG_03090	1	251	3	CGC	CGA	R	R	S	-	-	-	-	-	-
397597	intragenic	N2	A-0-0	T	G	BDAG_03095	1	35	1	TTG	GTG	L	V	NS	-	-	-	-	-	-
397597	intragenic	N4	A-5-0b	T	G	BDAG_03095	1	35	1	TTG	GTG	L	V	NS	-	-	-	-	-	-
401963	intergenic	N84	N-12-1	C	T	-	-	-	-	-	-	-	-	-	BDAG_03097	1	965	BDAG_03098	1	422
407220	intergenic	N8	N9	T	G	-	-	-	-	-	-	-	-	-	BDAG_03100	1	407	BDAG_03101	-1	341
410625	intragenic	N37	E-8-4	G	A	BDAG_03103	1	252	3	GAG	GAA	E	E	S	-	-	-	-	-	-
435325	intragenic	N6	A-4-2b	A	G	BDAG_03117	1	40	2	CAG	CGG	Q	R	NS	-	-	-	-	-	-
436374	intergenic	N67	L-10-6	G	A	-	-	-	-	-	-	-	-	-	BDAG_03117	1	184	BDAG_03119	1	3529
440723	intragenic	N29	C-8-0	C	G	BDAG_03119	1	274	2	GCG	GGG	A	G	NS	-	-	-	-	-	-
448881	intragenic	N88	N-12-4c-$	A	C	BDAG_03123	1	68	2	AAG	ACG	K	T	NS	-	-	-	-	-	-
451138	intragenic	N43	K-10-7	T	G	BDAG_03125	-1	254	3	GAA	GAC	E	D	NS	-	-	-	-	-	-
463715	intragenic	N52	K-12-9-$	C	T	BDAG_03134	-1	526	3	AAG	AAA	K	K	S	-	-	-	-	-	-
495095	intergenic	N48	K-12-8a-$	C	A	-	-	-	-	-	-	-	-	-	BDAG_03152	1	84	BDAG_03153	1	1288
515322	intragenic	N34	C-12-1	C	G	BDAG_03166	-1	55	1	GCG	CCG	A	P	NS	-	-	-	-	-	-
530215	intergenic	N106	J-11-8	C	G	-	-	-	-	-	-	-	-	-	BDAG_03175	1	683	BDAG_03176	1	43
574598	intragenic	N105	N106	C	G	BDAG_03205	-1	51	2	TGG	TCG	W	S	NS	-	-	-	-	-	-
580851	intragenic	N48	K-12-8a-$	C	T	BDAG_03211	1	455	3	ACC	ACT	T	T	S	-	-	-	-	-	-
589530	intragenic	N99	N105	T	G	BDAG_03220	-1	272	1	ACC	CCC	T	P	NS	-	-	-	-	-	-
589914	intragenic	N41	C-10-0	C	T	BDAG_03220	-1	144	1	GCG	ACG	A	T	NS	-	-	-	-	-	-
591497	intragenic	N7	A-5-0a	C	T	BDAG_03221	-1	12	3	TTG	TTA	L	L	S	-	-	-	-	-	-
592193	intragenic	N103	N104	C	A	BDAG_03222	1	179	3	TTC	TTA	F	L	NS	-	-	-	-	-	-
627634	intragenic	N49	K-12-0a	A	C	BDAG_03246	-1	132	3	TAT	TAG	Y	*	NS	-	-	-	-	-	-
628333	intragenic	N77	N78	G	A	BDAG_03247	-1	269	2	GCA	GTA	A	V	NS	-	-	-	-	-	-
642348	intragenic	N68	N69	G	A	BDAG_03259	1	87	1	GGC	AGC	G	S	NS	-	-	-	-	-	-
646855	intragenic	N3	N4	G	A	BDAG_03263	1	54	1	GCC	ACC	A	T	NS	-	-	-	-	-	-
660655	intragenic	N29	C-8-0	C	T	BDAG_03274	1	156	2	GCG	GTG	A	V	NS	-	-	-	-	-	-
667525	intragenic	N47	K-12-5	C	T	BDAG_03280	1	27	1	CAA	TAA	Q	*	NS	-	-	-	-	-	-
689960	intergenic	N65	N66	G	T	-	-	-	-	-	-	-	-	-	BDAG_03301	-1	116	BDAG_03303	1	2296
701457	intergenic	N16	G-9-8	A	C	-	-	-	-	-	-	-	-	-	BDAG_03305	1	6656	BDAG_03306	1	5606
701457	intergenic	N56	N60	A	C	-	-	-	-	-	-	-	-	-	BDAG_03305	1	6656	BDAG_03306	1	5606
703938	intergenic	N90	N-12-6b	G	A	-	-	-	-	-	-	-	-	-	BDAG_03305	1	9137	BDAG_03306	1	3125
735852	intragenic	N104	H-12-11a-$	G	A	BDAG_03330	-1	243	2	GCG	GTG	A	V	NS	-	-	-	-	-	-
748554	intergenic	N104	H-12-11a-$	C	T	-	-	-	-	-	-	-	-	-	BDAG_03337	1	68	BDAG_03338	1	456
768926	intragenic	N39	E-13-0	C	T	BDAG_03356	-1	119	1	GCA	ACA	A	T	NS	-	-	-	-	-	-
779796	intergenic	N34	N35	A	C	-	-	-	-	-	-	-	-	-	BDAG_03358	-1	3935	BDAG_03359	-1	350
817951	intergenic	N53	K-10-2	C	G	-	-	-	-	-	-	-	-	-	BDAG_03384	1	539	BDAG_03385	1	16
819544	intergenic	N1	X-3-7	T	G	-	-	-	-	-	-	-	-	-	BDAG_03385	1	135	BDAG_03386	1	239
819544	intergenic	N77	N78	T	G	-	-	-	-	-	-	-	-	-	BDAG_03385	1	135	BDAG_03386	1	239
819948	intragenic	N2	A-0-0	C	T	BDAG_03386	1	56	1	CAG	TAG	Q	*	NS	-	-	-	-	-	-
827267	intragenic	N8	N9	C	T	BDAG_03390	-1	292	3	CAG	CAA	Q	Q	S	-	-	-	-	-	-
876554	intergenic	N4	A-5-0b	A	C	-	-	-	-	-	-	-	-	-	BDAG_03431	-1	94	BDAG_03432	1	1553
919478	intergenic	N40	N56	G	A	-	-	-	-	-	-	-	-	-	BDAG_03459	-1	672	BDAG_03461	-1	296
920048	intragenic	N26	G-10-11b	T	C	BDAG_03461	-1	208	2	GAG	GGG	E	G	NS	-	-	-	-	-	-
920157	intragenic	N52	K-12-9-$	C	T	BDAG_03461	-1	172	1	GGG	AGG	G	R	NS	-	-	-	-	-	-
924854	intragenic	N82	N-10-5	A	C	BDAG_03463	1	493	2	CAC	CCC	H	P	NS	-	-	-	-	-	-
939330	intragenic	N111	J-14-2	C	A	BDAG_03475	-1	129	3	TGG	TGT	W	C	NS	-	-	-	-	-	-
961825	intragenic	N29	C-8-0	A	G	BDAG_03496	1	206	2	TAC	TGC	Y	C	NS	-	-	-	-	-	-
962087	intragenic	N108	N109	G	A	BDAG_03496	1	293	3	TGG	TGA	W	*	NS	-	-	-	-	-	-
975327	intragenic	N58	N59	G	T	BDAG_03507	1	19	2	GGC	GTC	G	V	NS	-	-	-	-	-	-
982597	intragenic	N10	N11	C	A	BDAG_03513	1	369	2	ACC	AAC	T	N	NS	-	-	-	-	-	-
1010325	intergenic	N74	L-12-3	T	G	-	-	-	-	-	-	-	-	-	BDAG_03537	-1	41	BDAG_03538	1	332
1010347	intergenic	N6	A-4-2b	A	C	-	-	-	-	-	-	-	-	-	BDAG_03537	-1	63	BDAG_03538	1	310
1020441	intergenic	N40	N41	A	C	-	-	-	-	-	-	-	-	-	BDAG_03547	1	129	BDAG_03548	-1	374
1020544	intergenic	N8	N9	C	G	-	-	-	-	-	-	-	-	-	BDAG_03547	1	232	BDAG_03548	-1	271
1028951	intergenic	N105	N106	A	C	-	-	-	-	-	-	-	-	-	BDAG_03549	1	4362	BDAG_03550	1	272
1046790	intergenic	N74	L-12-3	G	T	-	-	-	-	-	-	-	-	-	BDAG_03561	-1	872	BDAG_03562	-1	829
1049729	intergenic	N74	L-12-3	A	C	-	-	-	-	-	-	-	-	-	BDAG_03564	-1	1019	BDAG_03565	1	2595
1064669	intragenic	N15	G-7-5	G	A	BDAG_03577	-1	1002	3	AGC	AGT	S	S	S	-	-	-	-	-	-
1074408	intragenic	N39	E-13-0	C	A	BDAG_03584	1	120	3	GCC	GCA	A	A	S	-	-	-	-	-	-
1079771	intragenic	N49	K-12-0a	T	C	BDAG_03589	1	68	3	CTT	CTC	L	L	S	-	-	-	-	-	-
1084436	intragenic	N8	N12	G	T	BDAG_03595	-1	347	3	CGC	CGA	R	R	S	-	-	-	-	-	-
1118231	intragenic	N104	H-12-11a-$	G	A	BDAG_03620	1	79	1	GAG	AAG	E	K	NS	-	-	-	-	-	-
1172708	intragenic	N9	N10	G	A	BDAG_03647	-1	685	2	GCG	GTG	A	V	NS	-	-	-	-	-	-
1173119	intragenic	N3	N8	A	G	BDAG_03647	-1	548	2	CTG	CCG	L	P	NS	-	-	-	-	-	-
1179509	intergenic	N76	N77	G	A	-	-	-	-	-	-	-	-	-	BDAG_03651	1	12	BDAG_03652	-1	119
1207162	intergenic	N109	J-13-6a-$	T	G	-	-	-	-	-	-	-	-	-	BDAG_03669	1	448	BDAG_03670	1	126
1208057	intragenic	N3	N8	T	C	BDAG_03670	1	257	2	TTC	TCC	F	S	NS	-	-	-	-	-	-
1208487	intragenic	N38	E-9-5	G	A	BDAG_03671	1	111	3	CAG	CAA	Q	Q	S	-	-	-	-	-	-
1230971	intragenic	N40	N41	T	C	BDAG_03694	-1	247	2	GAC	GGC	D	G	NS	-	-	-	-	-	-
1231188	intragenic	N103	N104	T	G	BDAG_03694	-1	175	1	ACC	CCC	T	P	NS	-	-	-	-	-	-
1231197	intragenic	N69	L-13-4a-$	G	T	BDAG_03694	-1	172	1	CGC	AGC	R	S	NS	-	-	-	-	-	-
1231197	intragenic	N78	L-16-0	G	C	BDAG_03694	-1	172	1	CGC	GGC	R	G	NS	-	-	-	-	-	-
1231197	intragenic	N78	L-13-7	G	T	BDAG_03694	-1	172	1	CGC	AGC	R	S	NS	-	-	-	-	-	-
1231197	intragenic	N80	N81	G	T	BDAG_03694	-1	172	1	CGC	AGC	R	S	NS	-	-	-	-	-	-
1231197	intragenic	N102	H-11-3	G	C	BDAG_03694	-1	172	1	CGC	GGC	R	G	NS	-	-	-	-	-	-
1231197	intragenic	N105	N106	G	T	BDAG_03694	-1	172	1	CGC	AGC	R	S	NS	-	-	-	-	-	-
1272682	intragenic	N41	C-10-0	C	T	BDAG_03729	1	167	3	GGC	GGT	G	G	S	-	-	-	-	-	-
1275559	intragenic	N19	G-10-3	C	T	BDAG_03731	-1	148	1	GCG	ACG	A	T	NS	-	-	-	-	-	-
1297041	intragenic	N6	A-4-2b	C	G	BDAG_03743	-1	419	1	GTG	CTG	V	L	NS	-	-	-	-	-	-
1328880	intragenic	N61	H-12-10	C	T	BDAG_03770	1	145	3	TTC	TTT	F	F	S	-	-	-	-	-	-
1347660	intragenic	N15	G-7-5	A	C	BDAG_03789	1	17	1	ACG	CCG	T	P	NS	-	-	-	-	-	-
1356043	intragenic	N8	N12	G	A	BDAG_03796	-1	635	3	CTC	CTT	L	L	S	-	-	-	-	-	-
1376057	intragenic	N52	K-12-0b	C	T	BDAG_03810	1	67	3	GTC	GTT	V	V	S	-	-	-	-	-	-
1377140	intragenic	N59	I-9-6	C	T	BDAG_03811	1	76	3	GAC	GAT	D	D	S	-	-	-	-	-	-
1392101	intergenic	N4	A-5-0b	G	A	-	-	-	-	-	-	-	-	-	BDAG_03824	1	206	BDAG_03825	-1	151
1397422	intragenic	N40	N41	G	A	BDAG_03829	-1	125	3	GAC	GAT	D	D	S	-	-	-	-	-	-
1400841	intragenic	N1	X-3-7	G	A	BDAG_03832	1	329	1	GTG	ATG	V	M	NS	-	-	-	-	-	-
1412486	intergenic	N1	X-3-7	C	A	-	-	-	-	-	-	-	-	-	BDAG_03842	1	173	BDAG_03843	1	28
1443877	intragenic	N31	B-9-1	C	A	BDAG_03868	-1	99	1	GAA	TAA	E	*	NS	-	-	-	-	-	-
1448646	intragenic	N16	G-9-8	T	G	BDAG_03871	1	206	2	GTG	GGG	V	G	NS	-	-	-	-	-	-
1464052	intragenic	N14	F-6-11	A	C	BDAG_03882	-1	27	2	CTT	CGT	L	R	NS	-	-	-	-	-	-
1494481	intragenic	N40	N41	G	C	BDAG_03905	-1	127	3	CTC	CTG	L	L	S	-	-	-	-	-	-
1569996	intragenic	N55	K-11-3a	G	A	BDAG_03958	-1	322	1	CAG	TAG	Q	*	NS	-	-	-	-	-	-
1582037	intergenic	N78	L-16-0	G	A	-	-	-	-	-	-	-	-	-	BDAG_03966	1	586	BDAG_03968	1	877
1582966	intragenic	N77	N78	T	C	BDAG_03968	1	18	2	ATG	ACG	M	T	NS	-	-	-	-	-	-
1583455	intragenic	N33	D-7-10	T	C	BDAG_03968	1	181	2	CTC	CCC	L	P	NS	-	-	-	-	-	-
1584841	intragenic	N2	A-0-0	G	A	BDAG_03969	-1	140	3	GGC	GGT	G	G	S	-	-	-	-	-	-
1587362	intragenic	N34	C-12-1	C	A	BDAG_03971	1	185	3	CTC	CTA	L	L	S	-	-	-	-	-	-
1608486	intragenic	N3	N4	G	A	BDAG_03988	1	325	3	CCG	CCA	P	P	S	-	-	-	-	-	-
1614634	intragenic	N56	N60	G	C	BDAG_03993	1	141	1	GGC	CGC	G	R	NS	-	-	-	-	-	-
1616780	intergenic	N4	N5	G	A	-	-	-	-	-	-	-	-	-	BDAG_03996	1	57	BDAG_03997	1	184
1616780	intergenic	N103	H-10-10	G	A	-	-	-	-	-	-	-	-	-	BDAG_03996	1	57	BDAG_03997	1	184
1616780	intergenic	N99	N105	G	A	-	-	-	-	-	-	-	-	-	BDAG_03996	1	57	BDAG_03997	1	184
1629080	intragenic	N36	N37	C	A	BDAG_04007	1	130	2	GCG	GAG	A	E	NS	-	-	-	-	-	-
1638510	intragenic	N2	A-0-0	C	T	BDAG_04018	-1	225	3	ACG	ACA	T	T	S	-	-	-	-	-	-
1674991	intergenic	N35	B-11-1	C	T	-	-	-	-	-	-	-	-	-	BDAG_04042	1	50	BDAG_04044	1	785
1721985	intergenic	N72	L-12-7	C	T	-	-	-	-	-	-	-	-	-	BDAG_04082	1	425	BDAG_04083	-1	210
1729061	intragenic	N67	L-10-6	T	G	BDAG_04090	1	3	3	CGT	CGG	R	R	S	-	-	-	-	-	-
1744758	intergenic	N3	N4	T	A	-	-	-	-	-	-	-	-	-	BDAG_04102	-1	19	BDAG_04103	-1	49
1788263	intragenic	N6	A-4-2b	G	A	BDAG_04135	1	296	1	GCG	ACG	A	T	NS	-	-	-	-	-	-
1789308	intragenic	N38	E-9-5	T	C	BDAG_04136	1	13	2	GTG	GCG	V	A	NS	-	-	-	-	-	-
1796674	intragenic	N10	M-11-5	G	A	BDAG_04141	-1	145	1	CCA	TCA	P	S	NS	-	-	-	-	-	-
1799452	intragenic	N102	H-11-3	G	A	BDAG_04144	-1	384	2	GCG	GTG	A	V	NS	-	-	-	-	-	-
1807630	intragenic	N29	C-8-0	T	C	BDAG_04152	1	276	2	GTC	GCC	V	A	NS	-	-	-	-	-	-
1809926	intragenic	N52	K-12-9-$	G	T	BDAG_04154	1	6	3	GCG	GCT	A	A	S	-	-	-	-	-	-
1809927	intragenic	N52	K-12-9-$	C	T	BDAG_04154	1	7	1	CCC	TCC	P	S	NS	-	-	-	-	-	-
1809935	intragenic	N2	N3	G	A	BDAG_04154	1	9	3	AAG	AAA	K	K	S	-	-	-	-	-	-
1810421	intragenic	N7	A-5-0a	C	G	BDAG_04154	1	171	3	ATC	ATG	I	M	NS	-	-	-	-	-	-
1838491	intragenic	N3	N4	G	A	BDAG_04180	-1	103	2	GCG	GTG	A	V	NS	-	-	-	-	-	-
1838491	intragenic	N64	H-10-6b	G	A	BDAG_04180	-1	103	2	GCG	GTG	A	V	NS	-	-	-	-	-	-
1838491	intragenic	N69	L-13-4a-$	G	A	BDAG_04180	-1	103	2	GCG	GTG	A	V	NS	-	-	-	-	-	-
1845862	intergenic	N46	K-10-10	A	C	-	-	-	-	-	-	-	-	-	BDAG_04188	1	39	BDAG_04189	1	108
1865184	intergenic	N61	H-12-10	T	G	-	-	-	-	-	-	-	-	-	BDAG_04208	-1	17	BDAG_04209	-1	831
1871926	intergenic	N33	D-7-10	C	A	-	-	-	-	-	-	-	-	-	BDAG_04213	1	44	BDAG_04214	-1	35
1896903	intragenic	N77	N78	C	T	BDAG_04231	-1	134	1	GCC	ACC	A	T	NS	-	-	-	-	-	-
1941052	intragenic	N77	N78	G	A	BDAG_04266	-1	133	3	ACC	ACT	T	T	S	-	-	-	-	-	-
2021017	intragenic	N112	J-13-6b	C	T	BDAG_04332	1	721	3	CTC	CTT	L	L	S	-	-	-	-	-	-
2032109	intragenic	N52	K-12-0b	C	T	BDAG_04344	1	140	3	GGC	GGT	G	G	S	-	-	-	-	-	-
2035831	intergenic	N17	N19	G	T	-	-	-	-	-	-	-	-	-	BDAG_04346	-1	776	BDAG_04347	1	1557
2043525	intragenic	N71	L-11-6	G	A	BDAG_04351	-1	56	1	CAC	TAC	H	Y	NS	-	-	-	-	-	-
2061175	intergenic	N56	N60	C	T	-	-	-	-	-	-	-	-	-	BDAG_04365	-1	231	BDAG_04366	1	23
2062456	intragenic	N37	E-8-4	C	T	BDAG_04367	1	87	3	GCC	GCT	A	A	S	-	-	-	-	-	-
2067174	intragenic	N41	C-10-0	G	A	BDAG_04371	1	270	1	GAT	AAT	D	N	NS	-	-	-	-	-	-
2082106	intragenic	N77	N79	A	C	BDAG_04379	1	371	3	CAA	CAC	Q	H	NS	-	-	-	-	-	-
2137508	intergenic	N2	N3	C	A	-	-	-	-	-	-	-	-	-	BDAG_04421	-1	911	BDAG_04423	1	2111
2137516	intergenic	N2	N3	T	G	-	-	-	-	-	-	-	-	-	BDAG_04421	-1	919	BDAG_04423	1	2103
2149747	intragenic	N40	N56	T	A	BDAG_04433	-1	143	1	AGC	TGC	S	C	NS	-	-	-	-	-	-
2167610	intragenic	N14	F-6-11	A	C	BDAG_04449	1	373	2	CAG	CCG	Q	P	NS	-	-	-	-	-	-
2172700	intragenic	N16	G-9-8	G	C	BDAG_04452	1	398	1	GAC	CAC	D	H	NS	-	-	-	-	-	-
